{
 "templeR0013": [
  [
   0.9999999980543895,
   -6.182408976419e-05,
   -8.306797033993922e-06,
   1.091738674362224e-06
  ],
  [
   6.182388455722272e-05,
   0.9999999977838219,
   -2.4701487129139136e-05,
   -1.9898691339826645e-06
  ],
  [
   8.308324162536597e-06,
   2.470097352262067e-05,
   0.9999999996604169,
   -1.1492911767235765e-05
  ]
 ],
 "templeR0042": [
  [
   -0.9998470379537212,
   -0.009192063634220015,
   0.014879739961253968,
   0.018591536610146373
  ],
  [
   0.01013038339241932,
   -0.9978814593929519,
   0.0642648296668949,
   -0.9990698770106589
  ],
  [
   0.01425749022418333,
   0.06440573705763228,
   0.9978219405317615,
   0.039030463398822136
  ]
 ],
 "templeR0044": [
  [
   -0.9991478394423982,
   -0.040422097854794406,
   0.008345594203250373,
   0.0928615648653812
  ],
  [
   0.0406722346733175,
   -0.9298103170397184,
   0.36578483245369403,
   -4.5206373633864
  ],
  [
   -0.007025970699233733,
   0.3658125590128309,
   0.9306620264114238,
   0.713708592128316
  ]
 ],
 "templeR0032": [
  [
   -0.9846087680455144,
   0.06666050052084192,
   0.16156098402214955,
   -1.616430785068903
  ],
  [
   0.08058719270020402,
   -0.647109888260777,
   0.7581256471639941,
   -9.07394583359176
  ],
  [
   0.15508474541551345,
   0.7594769056300761,
   0.631778087269549,
   4.028341989854708
  ]
 ],
 "templeR0034": [
  [
   -0.9825520348325142,
   0.0637831666858548,
   0.1747089193315853,
   -1.7693535014130088
  ],
  [
   0.1124209804469166,
   -0.5446535873502633,
   0.8310920484169266,
   -9.963193883813974
  ],
  [
   0.14816552231150107,
   0.8362321313092518,
   0.5279799243949969,
   5.16714334945593
  ]
 ],
 "templeR0036": [
  [
   -0.9840922105866157,
   0.01827219138660527,
   0.17671629264071692,
   -1.8161414076458096
  ],
  [
   0.15837353558287873,
   -0.3604898334565062,
   0.919219725202565,
   -11.006197975039765
  ],
  [
   0.08050058564834721,
   0.9325841554500226,
   0.35186140554747036,
   7.369880859026925
  ]
 ],
 "templeR0038": [
  [
   -0.9809971801971052,
   -0.005792287306958702,
   0.19393550952077296,
   -2.0321670150582962
  ],
  [
   0.19344417544171993,
   -0.10628362795924928,
   0.9753374500220388,
   -11.635250334386969
  ],
  [
   0.014962734810229139,
   0.9943189829403708,
   0.10538442357115774,
   10.272692763745436
  ]
 ],
 "templeR0015": [
  [
   0.9991063465078758,
   -0.04148237898546651,
   -0.008106824371512075,
   0.08781290385739886
  ],
  [
   0.04197582445613523,
   0.9513208758325941,
   0.3053303479288195,
   -3.5868480540074974
  ],
  [
   -0.004953637947219744,
   -0.3053977790338568,
   0.9522119816680924,
   0.5016801102204497
  ]
 ],
 "templeR0017": [
  [
   0.9965879213554585,
   -0.08010598222722004,
   -0.01988835387403331,
   0.2241724270675714
  ],
  [
   0.07769842677085573,
   0.8292144121815502,
   0.5535037606988231,
   -6.518660278074444
  ],
  [
   -0.027847252750324195,
   -0.5531604561443437,
   0.8326091761879887,
   1.8570665659394672
  ]
 ],
 "templeR0019": [
  [
   0.9880820069988534,
   -0.1536137635790334,
   -0.00983661955157212,
   0.12716605895308122
  ],
  [
   0.1079237962763997,
   0.6457922703004005,
   0.7558470730363019,
   -8.919714117015946
  ],
  [
   -0.10975610070701178,
   -0.7479004982344505,
   0.6546743030685205,
   3.8636305915823286
  ]
 ],
 "templeR0021": [
  [
   0.9870198837517341,
   -0.149019841945356,
   -0.05987349818821461,
   0.7003196143751615
  ],
  [
   0.12336407923601156,
   0.46482150221201163,
   0.8767680850918445,
   -10.391952137673771
  ],
  [
   -0.10282535209258503,
   -0.8727737723992111,
   0.477171760668091,
   5.9901581188943345
  ]
 ]
}